{"cameraMode":{"drawMode":0,"name":"Shaded","section":"Shading Mode"},"sceneLighting":true,"audioPlay":false,"sceneViewState":{"showFog":true,"showMaterialUpdate":false,"showSkybox":true,"showFlares":true,"showImageEffects":true,"showParticleSystems":true},"in2DMode":false,"pivot":{"x":-454.0158386230469,"y":320.72967529296877,"z":915.5182495117188},"rotation":{"x":0.03372509777545929,"y":0.3258305490016937,"z":0.011661500670015812,"w":-0.9448081254959106},"size":649.7491455078125,"orthographic":false}